Volume,Symbol,Adj_Close,High,Low,Date,Close,Open
2012600,BNDX,52.98,53.080002,52.849998,2015-12-14,52.98,53.080002
786100,BNDX,53.07,53.18,52.950001,2015-12-11,53.07,52.950001
661300,BNDX,52.990002,53.060001,52.990002,2015-12-10,52.990002,53.00
759000,BNDX,53.029999,53.080002,52.959999,2015-12-09,53.029999,53.07
785500,BNDX,53.029999,53.099998,52.950001,2015-12-08,53.029999,53.040001
624700,BNDX,53.00,53.02,52.720001,2015-12-07,53.00,52.880001
739500,BNDX,52.700001,52.790001,52.66,2015-12-04,52.700001,52.75
1378100,BNDX,52.700001,53.220001,52.689999,2015-12-03,52.700001,53.00
383700,BNDX,53.209999,53.25,53.18,2015-12-02,53.209999,53.25
3921500,BNDX,53.240002,53.259998,53.029999,2015-12-01,53.240002,53.099998
1686300,BNDX,53.09,53.299999,53.119999,2015-11-30,53.200001,53.25
380100,BNDX,53.139896,53.330002,53.200001,2015-11-27,53.25,53.25
624700,BNDX,53.109959,53.23,53.150002,2015-11-25,53.220001,53.200001
382500,BNDX,53.070041,53.18,53.080002,2015-11-24,53.18,53.099998
1218700,BNDX,53.000186,53.189999,53.040001,2015-11-23,53.110001,53.16
417200,BNDX,53.010164,53.200001,53.119999,2015-11-20,53.119999,53.189999
502300,BNDX,53.040104,53.200001,53.09,2015-11-19,53.150002,53.200001
559100,BNDX,53.010164,53.119999,52.98,2015-11-18,53.119999,53.02
385600,BNDX,52.930331,53.049999,52.959999,2015-11-17,53.040001,53.02
1035200,BNDX,52.90039,53.040001,52.959999,2015-11-16,53.009998,53.00
771200,BNDX,52.830535,53.00,52.880001,2015-11-13,52.939999,52.889999
469700,BNDX,52.730744,52.91,52.759998,2015-11-12,52.84,52.860001
355300,BNDX,52.710785,52.849998,52.740002,2015-11-11,52.82,52.849998
737300,BNDX,52.650907,52.84,52.650002,2015-11-10,52.759998,52.75
704700,BNDX,52.531156,52.720001,52.540001,2015-11-09,52.639999,52.610001
486100,BNDX,52.551116,52.830002,52.540001,2015-11-06,52.66,52.759998
794300,BNDX,52.750703,52.900002,52.77,2015-11-05,52.860001,52.869999
661200,BNDX,52.700807,53.00,52.77,2015-11-04,52.810001,52.919998
609600,BNDX,52.820558,53.00,52.889999,2015-11-03,52.93,52.950001
1769700,BNDX,52.860476,53.09,52.919998,2015-11-02,52.970001,53.09
577400,BNDX,52.989208,53.209999,53.07,2015-10-30,53.18,53.200001
797900,BNDX,52.929422,53.290001,53.09,2015-10-29,53.119999,53.220001
446700,BNDX,53.098814,53.400002,53.240002,2015-10-28,53.290001,53.389999
641500,BNDX,53.108777,53.32,53.220001,2015-10-27,53.299999,53.299999
650700,BNDX,52.979242,53.23,53.150002,2015-10-26,53.169998,53.189999
431100,BNDX,52.999171,53.32,53.099998,2015-10-23,53.189999,53.23
610300,BNDX,52.999171,53.259998,53.029999,2015-10-22,53.189999,53.099998
384900,BNDX,52.819816,53.25,52.919998,2015-10-21,53.009998,52.959999
548700,BNDX,52.740105,52.990002,52.900002,2015-10-20,52.93,52.950001
716800,BNDX,52.839745,53.25,52.970001,2015-10-19,53.029999,53.00
376100,BNDX,52.829783,53.099998,53.009998,2015-10-16,53.02,53.049999
437000,BNDX,52.849711,53.119999,53.009998,2015-10-15,53.040001,53.049999
313000,BNDX,52.91946,53.110001,53.00,2015-10-14,53.110001,53.00
982300,BNDX,52.789925,53.00,52.880001,2015-10-13,52.98,52.939999
981700,BNDX,52.730139,52.959999,52.799999,2015-10-12,52.919998,52.919998
4803900,BNDX,52.620537,52.939999,52.799999,2015-10-09,52.810001,52.860001
433200,BNDX,52.720177,53.00,52.880001,2015-10-08,52.91,52.970001
645100,BNDX,52.730139,52.93,52.84,2015-10-07,52.919998,52.889999
1714600,BNDX,52.750068,52.939999,52.860001,2015-10-06,52.939999,52.880001
910300,BNDX,52.809854,53.040001,52.91,2015-10-05,53.00,53.040001
532600,BNDX,52.899531,53.16,53.00,2015-10-02,53.09,53.049999
1146900,BNDX,52.710214,53.200001,52.900002,2015-10-01,52.900002,53.200001
571900,BNDX,52.67833,52.970001,52.84,2015-09-30,52.93,52.93
1567100,BNDX,52.728091,52.990002,52.889999,2015-09-29,52.98,52.990002
411500,BNDX,52.648474,52.950001,52.84,2015-09-28,52.900002,52.869999
422400,BNDX,52.628568,52.93,52.799999,2015-09-25,52.880001,52.849998
524200,BNDX,52.698235,53.040001,52.900002,2015-09-24,52.950001,53.02
424000,BNDX,52.638519,52.959999,52.869999,2015-09-23,52.889999,52.869999
462300,BNDX,52.738046,53.02,52.880001,2015-09-22,52.990002,52.880001
517800,BNDX,52.568852,52.919998,52.779999,2015-09-21,52.82,52.900002
674100,BNDX,52.708186,53.00,52.759998,2015-09-18,52.959999,52.830002
1589700,BNDX,52.399662,52.759998,52.540001,2015-09-17,52.650002,52.599998
396400,BNDX,52.349897,52.68,52.599998,2015-09-16,52.599998,52.599998
563000,BNDX,52.499185,52.82,52.66,2015-09-15,52.75,52.75
275700,BNDX,52.568852,52.849998,52.790001,2015-09-14,52.82,52.849998
435000,BNDX,52.598708,52.889999,52.799999,2015-09-11,52.849998,52.830002
723400,BNDX,52.558901,52.849998,52.77,2015-09-10,52.810001,52.84
692700,BNDX,52.588757,52.849998,52.759998,2015-09-09,52.84,52.779999
908600,BNDX,52.757947,53.009998,52.790001,2015-09-08,53.009998,52.860001
435400,BNDX,52.648474,52.919998,52.790001,2015-09-04,52.900002,52.799999
1286100,BNDX,52.489234,52.77,52.619999,2015-09-03,52.740002,52.700001
2503200,BNDX,52.369802,52.740002,52.50,2015-09-02,52.619999,52.619999
1272300,BNDX,52.389708,52.669998,52.549999,2015-09-01,52.639999,52.66
904700,BNDX,52.253361,52.830002,52.560001,2015-08-31,52.560001,52.75
1692100,BNDX,52.3826,52.869999,52.669998,2015-08-28,52.689999,52.73
911200,BNDX,52.362716,52.759998,52.630001,2015-08-27,52.669998,52.700001
762000,BNDX,52.392544,52.830002,52.689999,2015-08-26,52.700001,52.75
2320300,BNDX,52.342836,52.810001,52.650002,2015-08-25,52.650002,52.779999
1662600,BNDX,52.641085,53.290001,52.82,2015-08-24,52.950001,53.040001
1226100,BNDX,52.760384,53.130001,53.02,2015-08-21,53.07,53.040001
414000,BNDX,52.790208,53.119999,53.049999,2015-08-20,53.099998,53.07
739900,BNDX,52.73056,53.049999,52.849998,2015-08-19,53.040001,52.849998
571500,BNDX,52.641085,52.98,52.860001,2015-08-18,52.950001,52.900002
675600,BNDX,52.700733,53.040001,52.970001,2015-08-17,53.009998,52.990002
1013300,BNDX,52.611257,52.990002,52.91,2015-08-14,52.919998,52.990002
279400,BNDX,52.680853,53.02,52.939999,2015-08-13,52.990002,52.959999
444200,BNDX,52.710676,53.080002,52.959999,2015-08-12,53.02,53.00
520300,BNDX,52.700733,53.040001,52.799999,2015-08-11,53.009998,52.810001
318200,BNDX,52.501902,52.900002,52.790001,2015-08-10,52.810001,52.889999
778700,BNDX,52.591377,52.950001,52.77,2015-08-07,52.900002,52.889999
270500,BNDX,52.660969,52.970001,52.689999,2015-08-06,52.970001,52.689999
367900,BNDX,52.422367,52.84,52.650002,2015-08-05,52.73,52.830002
526300,BNDX,52.621201,52.970001,52.84,2015-08-04,52.93,52.970001
858000,BNDX,52.651025,52.970001,52.84,2015-08-03,52.959999,52.84
506100,BNDX,52.620206,53.049999,52.950001,2015-07-31,52.98,53.040001
411800,BNDX,52.590411,52.950001,52.860001,2015-07-30,52.950001,52.91
276500,BNDX,52.471227,52.860001,52.799999,2015-07-29,52.830002,52.830002
562200,BNDX,52.491088,52.900002,52.799999,2015-07-28,52.849998,52.799999
469600,BNDX,52.540752,52.939999,52.82,2015-07-27,52.900002,52.939999
459700,BNDX,52.520887,52.91,52.830002,2015-07-24,52.880001,52.869999
267300,BNDX,52.421564,52.790001,52.68,2015-07-23,52.779999,52.73
561300,BNDX,52.31231,52.709999,52.619999,2015-07-22,52.669998,52.639999
376000,BNDX,52.26265,52.650002,52.59,2015-07-21,52.619999,52.610001
355500,BNDX,52.292449,52.669998,52.599998,2015-07-20,52.650002,52.619999
635400,BNDX,52.193126,52.619999,52.509998,2015-07-17,52.549999,52.509998
440200,BNDX,52.153397,52.549999,52.369999,2015-07-16,52.509998,52.450001
482200,BNDX,52.133536,52.50,52.32,2015-07-15,52.490002,52.34
692400,BNDX,51.915029,52.32,52.200001,2015-07-14,52.27,52.299999
1189600,BNDX,51.924959,52.299999,52.110001,2015-07-13,52.279999,52.150002
561000,BNDX,51.944824,52.299999,52.119999,2015-07-10,52.299999,52.259998
744000,BNDX,52.034213,52.490002,52.380001,2015-07-09,52.389999,52.450001
923600,BNDX,52.054078,52.490002,52.389999,2015-07-08,52.41,52.43
800500,BNDX,52.093807,52.560001,52.380001,2015-07-07,52.450001,52.389999
5259600,BNDX,51.77598,52.290001,52.049999,2015-07-06,52.130001,52.139999
657100,BNDX,51.696522,52.16,52.00,2015-07-02,52.049999,52.139999
3400400,BNDX,51.865369,52.330002,52.150002,2015-07-01,52.220001,52.25
388800,BNDX,51.952767,52.400002,52.200001,2015-06-30,52.369999,52.279999
503300,BNDX,51.784124,52.259998,52.07,2015-06-29,52.200001,52.07
326400,BNDX,51.684918,52.209999,52.049999,2015-06-26,52.099998,52.07
578600,BNDX,51.853566,52.279999,52.130001,2015-06-25,52.27,52.189999
307000,BNDX,51.833724,52.25,52.130001,2015-06-24,52.25,52.189999
439200,BNDX,51.833724,52.25,52.099998,2015-06-23,52.25,52.099998
327200,BNDX,51.764282,52.25,52.110001,2015-06-22,52.18,52.25
987000,BNDX,51.972609,52.389999,52.220001,2015-06-19,52.389999,52.240002
989800,BNDX,51.784124,52.299999,52.139999,2015-06-18,52.200001,52.209999
332000,BNDX,51.903167,52.349998,52.209999,2015-06-17,52.32,52.279999
827500,BNDX,51.784124,52.32,52.09,2015-06-16,52.200001,52.279999
420600,BNDX,51.932926,52.349998,52.189999,2015-06-15,52.349998,52.310001
389000,BNDX,51.913089,52.34,52.119999,2015-06-12,52.330002,52.169998
606500,BNDX,51.764282,52.25,51.970001,2015-06-11,52.18,52.18
393300,BNDX,51.595635,52.080002,51.970001,2015-06-10,52.009998,52.029999
372400,BNDX,51.744441,52.25,52.09,2015-06-09,52.16,52.25
454100,BNDX,51.843643,52.290001,52.200001,2015-06-08,52.259998,52.220001
345900,BNDX,51.923008,52.369999,52.240002,2015-06-05,52.34,52.310001
584800,BNDX,51.972609,52.439999,52.32,2015-06-04,52.389999,52.349998
363000,BNDX,51.982531,52.57,52.360001,2015-06-03,52.400002,52.57
383500,BNDX,52.329741,52.82,52.700001,2015-06-02,52.75,52.810001
763200,BNDX,52.557908,53.139999,52.950001,2015-06-01,52.98,53.099998
474500,BNDX,52.666041,53.200001,53.09,2015-05-29,53.139999,53.169998
459400,BNDX,52.557021,53.07,52.950001,2015-05-28,53.029999,52.970001
461000,BNDX,52.52729,53.00,52.900002,2015-05-27,53.00,52.98
355600,BNDX,52.507468,52.990002,52.869999,2015-05-26,52.98,52.889999
854800,BNDX,52.358808,52.889999,52.799999,2015-05-22,52.830002,52.860001
411600,BNDX,52.338986,52.889999,52.75,2015-05-21,52.810001,52.790001
529700,BNDX,52.348895,52.880001,52.77,2015-05-20,52.82,52.880001
379500,BNDX,52.408361,52.889999,52.75,2015-05-19,52.880001,52.75
413200,BNDX,52.299342,52.900002,52.75,2015-05-18,52.77,52.830002
357300,BNDX,52.388539,52.860001,52.689999,2015-05-15,52.860001,52.740002
521900,BNDX,52.091216,52.619999,52.470001,2015-05-14,52.560001,52.560001
338700,BNDX,52.091216,52.779999,52.52,2015-05-13,52.560001,52.779999
623000,BNDX,52.1705,52.689999,52.59,2015-05-12,52.639999,52.68
732100,BNDX,52.408361,52.98,52.790001,2015-05-11,52.880001,52.98
826300,BNDX,52.557021,53.040001,52.950001,2015-05-08,53.029999,52.990002
484100,BNDX,52.448002,52.919998,52.75,2015-05-07,52.919998,52.779999
648000,BNDX,52.309251,52.970001,52.740002,2015-05-06,52.779999,52.93
700300,BNDX,52.596665,53.25,52.939999,2015-05-05,53.07,53.150002
1084800,BNDX,52.784969,53.43,53.220001,2015-05-04,53.259998,53.43
733900,BNDX,52.943542,53.509998,53.34,2015-05-01,53.419998,53.470001
671700,BNDX,52.942551,53.599998,53.349998,2015-04-30,53.48,53.50
1496000,BNDX,53.011847,53.82,53.419998,2015-04-29,53.549999,53.82
487200,BNDX,53.427629,54.009998,53.91,2015-04-28,53.970001,53.98
378300,BNDX,53.477125,54.02,53.950001,2015-04-27,54.02,54.009998
371900,BNDX,53.516724,54.060001,53.869999,2015-04-24,54.060001,53.889999
383800,BNDX,53.328631,53.900002,53.84,2015-04-23,53.869999,53.889999
384200,BNDX,53.358332,53.970001,53.869999,2015-04-22,53.900002,53.970001
1825700,BNDX,53.457326,54.130001,53.950001,2015-04-21,54.00,54.02
493400,BNDX,53.546422,54.189999,54.02,2015-04-20,54.09,54.189999
1783100,BNDX,53.615718,54.18,54.00,2015-04-17,54.16,54.099998
1622900,BNDX,53.595918,54.220001,54.130001,2015-04-16,54.139999,54.200001
349500,BNDX,53.685014,54.25,54.169998,2015-04-15,54.23,54.209999
911300,BNDX,53.645415,54.189999,54.150002,2015-04-14,54.189999,54.150002
399000,BNDX,53.595918,54.139999,54.07,2015-04-13,54.139999,54.139999
322400,BNDX,53.576119,54.139999,54.040001,2015-04-10,54.119999,54.060001
460200,BNDX,53.526622,54.139999,54.040001,2015-04-09,54.07,54.139999
1291200,BNDX,53.546422,54.150002,54.040001,2015-04-08,54.09,54.099998
396700,BNDX,53.477125,54.049999,53.939999,2015-04-07,54.02,54.009998
387100,BNDX,53.516724,54.09,54.00,2015-04-06,54.060001,54.049999
1229900,BNDX,53.407829,54.099998,53.880001,2015-04-02,53.950001,54.099998
2931100,BNDX,53.506823,54.139999,54.009998,2015-04-01,54.049999,54.099998
848400,BNDX,53.490985,54.110001,53.950001,2015-03-31,54.09,53.98
524200,BNDX,53.372315,54.009998,53.91,2015-03-30,53.970001,54.009998
528600,BNDX,53.342644,54.029999,53.880001,2015-03-27,53.939999,53.950001
526100,BNDX,53.372315,54.009998,53.900002,2015-03-26,53.970001,53.950001
370000,BNDX,53.411869,54.049999,53.959999,2015-03-25,54.009998,54.049999
787000,BNDX,53.431648,54.07,53.970001,2015-03-24,54.029999,54.060001
1416200,BNDX,53.451427,54.189999,54.02,2015-03-23,54.049999,54.110001
525400,BNDX,53.471206,54.119999,54.02,2015-03-20,54.07,54.040001
1105900,BNDX,53.42176,54.060001,53.93,2015-03-19,54.02,54.00
734900,BNDX,53.30309,53.900002,53.689999,2015-03-18,53.900002,53.720001
781300,BNDX,53.055859,53.779999,53.599998,2015-03-17,53.650002,53.779999
9946600,BNDX,53.125083,54.00,53.599998,2015-03-16,53.720001,53.990002
346900,BNDX,53.30309,53.970001,53.900002,2015-03-13,53.900002,53.919998
531700,BNDX,53.312978,53.990002,53.860001,2015-03-12,53.91,53.93
522800,BNDX,53.312978,53.919998,53.779999,2015-03-11,53.91,53.849998
425300,BNDX,53.233866,53.849998,53.689999,2015-03-10,53.830002,53.689999
524400,BNDX,53.045967,53.639999,53.560001,2015-03-09,53.639999,53.580002
758000,BNDX,52.947076,53.66,53.450001,2015-03-06,53.540001,53.66
674200,BNDX,53.065746,53.66,53.57,2015-03-05,53.66,53.619999
590500,BNDX,52.996522,53.619999,53.529999,2015-03-04,53.59,53.540001
1064600,BNDX,52.996522,53.669998,53.529999,2015-03-03,53.59,53.669998
1036500,BNDX,53.105304,53.950001,53.619999,2015-03-02,53.700001,53.950001
916700,BNDX,53.231886,53.970001,53.77,2015-02-27,53.889999,53.889999
581200,BNDX,53.202254,53.900002,53.810001,2015-02-26,53.860001,53.869999
2125800,BNDX,53.192374,53.849998,53.759998,2015-02-25,53.849998,53.830002
462100,BNDX,53.07384,53.740002,53.639999,2015-02-24,53.73,53.700001
406800,BNDX,52.994819,53.66,53.59,2015-02-23,53.650002,53.630001
1136200,BNDX,52.915794,53.619999,53.52,2015-02-20,53.57,53.580002
460900,BNDX,52.886162,53.599998,53.50,2015-02-19,53.540001,53.540001
517900,BNDX,52.866406,53.580002,53.459999,2015-02-18,53.52,53.580002
543800,BNDX,52.935551,53.66,53.529999,2015-02-17,53.59,53.610001
420300,BNDX,52.945427,53.720001,53.599998,2015-02-13,53.599998,53.700001
513000,BNDX,53.054084,53.75,53.549999,2015-02-12,53.709999,53.650002
529000,BNDX,52.975063,53.68,53.360001,2015-02-11,53.630001,53.630001
681400,BNDX,52.826893,53.650002,53.380001,2015-02-10,53.48,53.529999
562900,BNDX,52.955307,53.84,53.57,2015-02-09,53.610001,53.759998
456700,BNDX,52.984939,53.799999,53.639999,2015-02-06,53.639999,53.779999
627100,BNDX,53.142985,53.939999,53.759998,2015-02-05,53.799999,53.919998
1260100,BNDX,53.241766,53.939999,53.799999,2015-02-04,53.900002,53.919998
2686400,BNDX,53.291155,54.049999,53.919998,2015-02-03,53.950001,54.029999
1147300,BNDX,53.409688,54.080002,54.02,2015-02-02,54.07,54.060001
863800,BNDX,53.328691,54.119999,53.990002,2015-01-30,54.060001,54.049999
608500,BNDX,53.249772,54.060001,53.950001,2015-01-29,53.98,54.00
601100,BNDX,53.299094,54.040001,53.900002,2015-01-28,54.029999,53.990002
480800,BNDX,53.180719,54.119999,53.889999,2015-01-27,53.91,53.970001
603700,BNDX,53.230042,54.00,53.900002,2015-01-26,53.959999,53.990002
816300,BNDX,53.299094,54.130001,53.830002,2015-01-23,54.029999,54.00
567600,BNDX,52.983424,53.849998,53.700001,2015-01-22,53.709999,53.84
572500,BNDX,53.052476,53.810001,53.700001,2015-01-21,53.779999,53.779999
935600,BNDX,52.973561,53.790001,53.689999,2015-01-20,53.700001,53.709999
433100,BNDX,52.99329,53.77,53.599998,2015-01-16,53.720001,53.610001
1302700,BNDX,52.687483,53.709999,53.41,2015-01-15,53.41,53.639999
348500,BNDX,52.934101,53.689999,53.549999,2015-01-14,53.66,53.669998
695200,BNDX,52.805858,53.580002,53.50,2015-01-13,53.529999,53.560001
429400,BNDX,52.756535,53.52,53.400002,2015-01-12,53.48,53.450001
328300,BNDX,52.63816,53.400002,53.310001,2015-01-09,53.360001,53.330002
2174700,BNDX,52.667753,53.419998,53.299999,2015-01-08,53.389999,53.419998
391800,BNDX,52.687483,53.470001,53.27,2015-01-07,53.41,53.470001
523000,BNDX,52.726942,53.48,53.32,2015-01-06,53.450001,53.32
650400,BNDX,52.608567,53.34,53.259998,2015-01-05,53.330002,53.330002
448200,BNDX,52.628293,53.349998,53.130001,2015-01-02,53.349998,53.130001
644100,BNDX,52.391542,53.220001,53.00,2014-12-31,53.110001,53.18
468200,BNDX,52.421135,53.209999,53.099998,2014-12-30,53.139999,53.150002
552700,BNDX,52.361949,53.16,53.049999,2014-12-29,53.080002,53.150002
241200,BNDX,52.302759,53.049999,52.939999,2014-12-26,53.02,53.00
282900,BNDX,52.243569,52.970001,52.91,2014-12-24,52.959999,52.939999
1281000,BNDX,52.273166,53.029999,52.950001,2014-12-23,52.990002,52.970001
481600,BNDX,52.309664,53.130001,53.029999,2014-12-22,53.119999,53.099998
523400,BNDX,52.240732,53.060001,52.959999,2014-12-19,53.049999,53.00
861200,BNDX,52.1718,53.040001,52.93,2014-12-18,52.98,53.009998
339000,BNDX,52.230887,53.110001,53.00,2014-12-17,53.040001,53.049999
320500,BNDX,52.230887,53.060001,52.900002,2014-12-16,53.040001,53.029999
1221400,BNDX,52.122564,52.970001,52.790001,2014-12-15,52.93,52.900002
241900,BNDX,52.053632,52.93,52.77,2014-12-12,52.860001,52.790001
300500,BNDX,51.9847,52.830002,52.709999,2014-12-11,52.790001,52.82
344400,BNDX,52.004396,52.810001,52.669998,2014-12-10,52.810001,52.700001
329100,BNDX,51.856682,52.810001,52.580002,2014-12-09,52.66,52.790001
506300,BNDX,51.758209,52.75,52.509998,2014-12-08,52.560001,52.509998
942300,BNDX,51.679428,52.799999,52.400002,2014-12-05,52.48,52.799999
666700,BNDX,51.846837,52.720001,52.59,2014-12-04,52.650002,52.689999
266100,BNDX,51.876378,52.73,52.639999,2014-12-03,52.68,52.669998
376300,BNDX,51.866528,52.75,52.599998,2014-12-02,52.669998,52.75
740000,BNDX,51.974851,52.849998,52.77,2014-12-01,52.779999,52.84
188700,BNDX,51.881301,52.869999,52.740002,2014-11-28,52.77,52.869999
362800,BNDX,51.861638,52.759998,52.619999,2014-11-26,52.75,52.759998
328800,BNDX,51.81248,52.720001,52.57,2014-11-25,52.700001,52.580002
460600,BNDX,51.655175,52.59,52.509998,2014-11-24,52.540001,52.549999
319600,BNDX,51.674839,52.580002,52.50,2014-11-21,52.560001,52.57
377300,BNDX,51.615848,52.50,52.389999,2014-11-20,52.50,52.470001
250900,BNDX,51.5077,52.43,52.360001,2014-11-19,52.389999,52.380001
407100,BNDX,51.556857,52.50,52.400002,2014-11-18,52.439999,52.470001
2032200,BNDX,51.586354,52.490002,52.419998,2014-11-17,52.470001,52.490002
290400,BNDX,51.556857,52.439999,52.349998,2014-11-14,52.439999,52.41
507100,BNDX,51.517533,52.439999,52.369999,2014-11-13,52.400002,52.419998
204600,BNDX,51.5077,52.439999,52.360001,2014-11-12,52.389999,52.41
417500,BNDX,51.488036,52.380001,52.299999,2014-11-11,52.369999,52.360001
576700,BNDX,51.49787,52.450001,52.360001,2014-11-10,52.380001,52.43
1289900,BNDX,51.478206,52.380001,52.299999,2014-11-07,52.360001,52.310001
4332600,BNDX,51.448713,52.349998,52.310001,2014-11-06,52.330002,52.34
627100,BNDX,51.429049,52.330002,52.25,2014-11-05,52.310001,52.27
443100,BNDX,51.438879,52.389999,52.32,2014-11-04,52.32,52.389999
362900,BNDX,51.419215,52.369999,52.259998,2014-11-03,52.299999,52.369999
497200,BNDX,51.41528,52.400002,52.290001,2014-10-31,52.369999,52.290001
416700,BNDX,51.346557,52.330002,52.279999,2014-10-30,52.299999,52.290001
153600,BNDX,51.287653,52.27,52.209999,2014-10-29,52.240002,52.240002
159700,BNDX,51.268017,52.259998,52.200001,2014-10-28,52.220001,52.23
204400,BNDX,51.268017,52.279999,52.200001,2014-10-27,52.220001,52.279999
248200,BNDX,51.268017,52.259998,52.200001,2014-10-24,52.220001,52.240002
182800,BNDX,51.287653,52.240002,52.150002,2014-10-23,52.240002,52.220001
260700,BNDX,51.277833,52.279999,52.189999,2014-10-22,52.23,52.240002
671200,BNDX,51.287653,52.27,52.169998,2014-10-21,52.240002,52.25
235100,BNDX,51.287653,52.299999,52.169998,2014-10-20,52.240002,52.290001
333900,BNDX,51.218926,52.27,52.16,2014-10-17,52.169998,52.27
314900,BNDX,51.376012,52.560001,52.259998,2014-10-16,52.330002,52.560001
752700,BNDX,51.650907,52.669998,52.450001,2014-10-15,52.610001,52.57
176700,BNDX,51.4251,52.43,52.310001,2014-10-14,52.380001,52.380001
197700,BNDX,51.395644,52.41,52.299999,2014-10-13,52.349998,52.360001
364400,BNDX,51.326921,52.310001,52.240002,2014-10-10,52.279999,52.27
2435100,BNDX,51.356376,52.330002,52.27,2014-10-09,52.310001,52.310001
688100,BNDX,51.326921,52.330002,52.220001,2014-10-08,52.279999,52.279999
287200,BNDX,51.307285,52.259998,52.110001,2014-10-07,52.259998,52.200001
242000,BNDX,51.218926,52.200001,52.110001,2014-10-06,52.169998,52.189999
528400,BNDX,51.238561,52.200001,52.060001,2014-10-03,52.189999,52.139999
266400,BNDX,51.20911,52.209999,52.099998,2014-10-02,52.16,52.209999
282600,BNDX,51.248381,52.220001,52.110001,2014-10-01,52.200001,52.150002
186000,BNDX,51.106027,52.16,52.080002,2014-09-30,52.110001,52.16
1023000,BNDX,51.106027,52.150002,52.02,2014-09-29,52.110001,52.040001
532100,BNDX,51.076606,52.139999,51.98,2014-09-26,52.080002,52.080002
265700,BNDX,51.125642,52.130001,52.060001,2014-09-25,52.130001,52.080002
262300,BNDX,50.998146,52.060001,51.93,2014-09-24,52.00,52.060001
2306300,BNDX,51.027567,52.049999,51.990002,2014-09-23,52.029999,52.040001
462500,BNDX,51.017761,52.040001,51.950001,2014-09-22,52.02,52.00
162300,BNDX,50.94911,51.98,51.880001,2014-09-19,51.950001,51.93
300100,BNDX,50.841229,51.860001,51.799999,2014-09-18,51.84,51.830002
170000,BNDX,50.860844,51.950001,51.810001,2014-09-17,51.860001,51.869999
570300,BNDX,50.851034,51.880001,51.810001,2014-09-16,51.849998,51.869999
343500,BNDX,50.772578,51.869999,51.75,2014-09-15,51.77,51.849998
327500,BNDX,50.801998,51.84,51.740002,2014-09-12,51.799999,51.810001
216300,BNDX,50.880459,51.939999,51.849998,2014-09-11,51.880001,51.93
138900,BNDX,50.929495,51.959999,51.860001,2014-09-10,51.93,51.93
184700,BNDX,50.94911,51.970001,51.919998,2014-09-09,51.950001,51.959999
246700,BNDX,51.056991,52.139999,52.029999,2014-09-08,52.060001,52.130001
436100,BNDX,51.115833,52.139999,52.009998,2014-09-05,52.119999,52.139999
312500,BNDX,50.998146,52.060001,51.849998,2014-09-04,52.00,52.040001
216100,BNDX,51.007952,52.07,51.950001,2014-09-03,52.009998,52.02
2744800,BNDX,51.017761,52.139999,52.009998,2014-09-02,52.02,52.09
1331800,BNDX,51.170757,52.27,52.16,2014-08-29,52.240002,52.209999
197700,BNDX,51.18055,52.290001,52.23,2014-08-28,52.25,52.27
139200,BNDX,51.160959,52.240002,52.119999,2014-08-27,52.23,52.200001
336700,BNDX,51.043416,52.119999,52.060001,2014-08-26,52.110001,52.119999
131400,BNDX,51.004234,52.09,52.009998,2014-08-25,52.07,52.040001
126700,BNDX,50.916076,51.98,51.880001,2014-08-22,51.98,51.970001
167200,BNDX,50.857303,51.939999,51.869999,2014-08-21,51.919998,51.919998
315400,BNDX,50.837716,51.93,51.860001,2014-08-20,51.900002,51.919998
629300,BNDX,50.827918,51.939999,51.869999,2014-08-19,51.889999,51.91
162900,BNDX,50.788736,51.880001,51.810001,2014-08-18,51.849998,51.880001
383600,BNDX,50.788736,51.939999,51.779999,2014-08-15,51.849998,51.93
158000,BNDX,50.798533,51.880001,51.810001,2014-08-14,51.860001,51.849998
159800,BNDX,50.729966,51.82,51.720001,2014-08-13,51.790001,51.759998
173100,BNDX,50.651602,51.740002,51.700001,2014-08-12,51.709999,51.720001
196100,BNDX,50.651602,51.720001,51.66,2014-08-11,51.709999,51.720001
166000,BNDX,50.671193,51.759998,51.68,2014-08-08,51.73,51.740002
133200,BNDX,50.602626,51.669998,51.580002,2014-08-07,51.66,51.639999
247200,BNDX,50.543853,51.66,51.529999,2014-08-06,51.599998,51.610001
230700,BNDX,50.534059,51.610001,51.529999,2014-08-05,51.59,51.610001
288600,BNDX,50.573241,51.68,51.59,2014-08-04,51.630001,51.68
109700,BNDX,50.543853,51.68,51.549999,2014-08-01,51.599998,51.59
137000,BNDX,50.480185,51.650002,51.57,2014-07-31,51.610001,51.639999
158200,BNDX,50.499747,51.709999,51.610001,2014-07-30,51.630001,51.709999
209300,BNDX,50.597557,51.75,51.66,2014-07-29,51.73,51.740002
204400,BNDX,50.51931,51.709999,51.630001,2014-07-28,51.650002,51.700001
307100,BNDX,50.548652,51.700001,51.610001,2014-07-25,51.68,51.639999
147900,BNDX,50.460622,51.610001,51.580002,2014-07-24,51.59,51.610001
342300,BNDX,50.51931,51.68,51.610001,2014-07-23,51.650002,51.66
358400,BNDX,50.480185,51.630001,51.580002,2014-07-22,51.610001,51.630001
142800,BNDX,50.470401,51.650002,51.580002,2014-07-21,51.599998,51.650002
128000,BNDX,50.450843,51.610001,51.50,2014-07-18,51.580002,51.59
243300,BNDX,50.460622,51.610001,51.509998,2014-07-17,51.59,51.540001
148400,BNDX,50.362813,51.50,51.419998,2014-07-16,51.490002,51.470001
141400,BNDX,50.323687,51.470001,51.41,2014-07-15,51.450001,51.450001
148100,BNDX,50.304125,51.450001,51.389999,2014-07-14,51.43,51.419998
131100,BNDX,50.333467,51.490002,51.369999,2014-07-11,51.459999,51.459999
66500,BNDX,50.294342,51.470001,51.400002,2014-07-10,51.419998,51.470001
99700,BNDX,50.245437,51.43,51.349998,2014-07-09,51.369999,51.349998
113800,BNDX,50.25522,51.389999,51.330002,2014-07-08,51.380001,51.389999
177600,BNDX,50.196532,51.34,51.279999,2014-07-07,51.32,51.32
97800,BNDX,50.118286,51.259998,51.200001,2014-07-03,51.240002,51.23
179100,BNDX,50.147628,51.330002,51.240002,2014-07-02,51.27,51.279999
92000,BNDX,50.196532,51.419998,51.279999,2014-07-01,51.32,51.279999
290200,BNDX,50.226853,51.439999,51.349998,2014-06-30,51.41,51.349998
139800,BNDX,50.207313,51.459999,51.349998,2014-06-27,51.389999,51.459999
141000,BNDX,50.236621,51.43,51.349998,2014-06-26,51.419998,51.41
157600,BNDX,50.197544,51.41,51.310001,2014-06-25,51.380001,51.389999
123000,BNDX,50.109615,51.299999,51.189999,2014-06-24,51.290001,51.27
172600,BNDX,50.080303,51.279999,51.209999,2014-06-23,51.259998,51.279999
160200,BNDX,50.002146,51.220001,51.150002,2014-06-20,51.18,51.189999
189900,BNDX,50.099843,51.299999,51.150002,2014-06-19,51.279999,51.279999
802100,BNDX,50.011915,51.209999,51.119999,2014-06-18,51.189999,51.209999
137900,BNDX,49.963066,51.189999,51.119999,2014-06-17,51.139999,51.189999
134900,BNDX,50.002146,51.209999,51.119999,2014-06-16,51.18,51.209999
103100,BNDX,50.021687,51.200001,51.080002,2014-06-13,51.200001,51.139999
139800,BNDX,50.002146,51.189999,51.07,2014-06-12,51.18,51.139999
291500,BNDX,49.933758,51.169998,51.07,2014-06-11,51.110001,51.16
168200,BNDX,49.982606,51.200001,51.130001,2014-06-10,51.16,51.18
149400,BNDX,50.011915,51.240002,51.16,2014-06-09,51.189999,51.200001
126900,BNDX,50.021687,51.23,51.099998,2014-06-06,51.200001,51.189999
113000,BNDX,49.914217,51.099998,50.939999,2014-06-05,51.09,50.959999
186800,BNDX,49.7579,51.009998,50.900002,2014-06-04,50.93,50.98
162800,BNDX,49.855597,51.060001,50.970001,2014-06-03,51.029999,51.060001
132400,BNDX,49.914217,51.200001,51.049999,2014-06-02,51.09,51.200001
306400,BNDX,49.923988,51.209999,51.130001,2014-05-30,51.16,51.169998
116900,BNDX,49.953262,51.330002,51.16,2014-05-29,51.189999,51.330002
147100,BNDX,50.138674,51.380001,51.139999,2014-05-28,51.380001,51.139999
134600,BNDX,49.845923,51.119999,50.98,2014-05-27,51.080002,51.099998
78300,BNDX,49.748337,51.040001,50.919998,2014-05-23,50.98,51.029999
96400,BNDX,49.728819,51.00,50.91,2014-05-22,50.959999,50.970001
100600,BNDX,49.748337,51.00,50.939999,2014-05-21,50.98,50.98
172600,BNDX,49.767854,51.009998,50.939999,2014-05-20,51.00,50.990002
116600,BNDX,49.816645,51.09,51.029999,2014-05-19,51.049999,51.09
247600,BNDX,49.806888,51.09,51.029999,2014-05-16,51.040001,51.080002
139900,BNDX,49.894714,51.16,51.009998,2014-05-15,51.130001,51.119999
128800,BNDX,49.806888,51.09,50.959999,2014-05-14,51.040001,51.00
332300,BNDX,49.767854,51.00,50.860001,2014-05-13,51.00,50.880001
102800,BNDX,49.631237,50.880001,50.82,2014-05-12,50.860001,50.830002
158800,BNDX,49.650754,50.900002,50.849998,2014-05-09,50.880001,50.900002
221800,BNDX,49.680028,50.919998,50.82,2014-05-08,50.91,50.869999
145300,BNDX,49.61172,50.849998,50.799999,2014-05-07,50.84,50.830002
158400,BNDX,49.61172,50.860001,50.799999,2014-05-06,50.84,50.84
4175100,BNDX,49.582445,50.889999,50.779999,2014-05-05,50.810001,50.830002
100400,BNDX,49.601963,50.869999,50.75,2014-05-02,50.830002,50.790001
118800,BNDX,49.592202,50.830002,50.759998,2014-05-01,50.82,50.799999
235200,BNDX,49.555118,50.869999,50.75,2014-04-30,50.849998,50.810001
199300,BNDX,49.477157,50.77,50.720001,2014-04-29,50.77,50.740002
247800,BNDX,49.457666,50.790001,50.720001,2014-04-28,50.75,50.779999
192700,BNDX,49.506392,50.799999,50.73,2014-04-25,50.799999,50.740002
389300,BNDX,49.447922,50.77,50.700001,2014-04-24,50.740002,50.73
178900,BNDX,49.447922,50.790001,50.700001,2014-04-23,50.740002,50.740002
102200,BNDX,49.438175,50.740002,50.689999,2014-04-22,50.73,50.709999
164200,BNDX,49.438175,50.779999,50.700001,2014-04-21,50.73,50.779999
126400,BNDX,49.399192,50.82,50.66,2014-04-17,50.689999,50.740002
90400,BNDX,49.477157,50.790001,50.700001,2014-04-16,50.77,50.77
83900,BNDX,49.525883,50.849998,50.669998,2014-04-15,50.82,50.740002
112800,BNDX,49.399192,50.759998,50.639999,2014-04-14,50.689999,50.759998
102900,BNDX,49.477157,50.799999,50.639999,2014-04-11,50.77,50.759998
120500,BNDX,49.40894,50.740002,50.610001,2014-04-10,50.700001,50.740002
1055500,BNDX,49.311484,50.66,50.509998,2014-04-09,50.599998,50.599998
100900,BNDX,49.321231,50.630001,50.57,2014-04-08,50.610001,50.619999
128200,BNDX,49.360214,50.669998,50.599998,2014-04-07,50.650002,50.669998
224300,BNDX,49.311484,50.639999,50.509998,2014-04-04,50.599998,50.529999
100000,BNDX,49.233523,50.529999,50.459999,2014-04-03,50.52,50.470001
155000,BNDX,49.165306,50.490002,50.369999,2014-04-02,50.450001,50.490002
484700,BNDX,49.223776,50.549999,50.459999,2014-04-01,50.509998,50.52
128300,BNDX,49.257886,50.619999,50.50,2014-03-31,50.610001,50.540001
96500,BNDX,49.248151,50.650002,50.52,2014-03-28,50.599998,50.639999
93000,BNDX,49.296818,50.650002,50.599998,2014-03-27,50.650002,50.639999
164100,BNDX,49.248151,50.610001,50.490002,2014-03-26,50.599998,50.59
87200,BNDX,49.199488,50.59,50.459999,2014-03-25,50.549999,50.59
90600,BNDX,49.189756,50.549999,50.450001,2014-03-24,50.540001,50.459999
98500,BNDX,49.150824,50.509998,50.380001,2014-03-21,50.50,50.459999
70800,BNDX,49.07296,50.439999,50.330002,2014-03-20,50.419998,50.400002
139000,BNDX,49.092426,50.57,50.369999,2014-03-19,50.439999,50.57
114200,BNDX,49.218954,50.57,50.50,2014-03-18,50.57,50.540001
134000,BNDX,49.199488,50.57,50.509998,2014-03-17,50.549999,50.560001
67800,BNDX,49.199488,50.650002,50.509998,2014-03-14,50.549999,50.650002
145600,BNDX,49.180022,50.57,50.439999,2014-03-13,50.529999,50.48
76700,BNDX,49.160555,50.540001,50.439999,2014-03-12,50.509998,50.48
232400,BNDX,49.092426,50.470001,50.349998,2014-03-11,50.439999,50.400002
77300,BNDX,49.07296,50.439999,50.349998,2014-03-10,50.419998,50.41
98000,BNDX,49.043762,50.439999,50.310001,2014-03-07,50.389999,50.349998
111700,BNDX,49.092426,50.470001,50.349998,2014-03-06,50.439999,50.470001
85700,BNDX,49.150824,50.540001,50.459999,2014-03-05,50.50,50.509998
99400,BNDX,49.141093,50.560001,50.459999,2014-03-04,50.490002,50.560001
106800,BNDX,49.23842,50.599998,50.43,2014-03-03,50.59,50.529999
133900,BNDX,49.102158,50.549999,50.43,2014-02-28,50.509998,50.549999
103500,BNDX,49.160487,50.59,50.459999,2014-02-27,50.57,50.560001
103400,BNDX,49.053553,50.459999,50.369999,2014-02-26,50.459999,50.439999
80900,BNDX,48.985504,50.400002,50.299999,2014-02-25,50.389999,50.349998
104200,BNDX,48.878569,50.349998,50.209999,2014-02-24,50.279999,50.349998
83000,BNDX,48.86885,50.290001,50.169998,2014-02-21,50.27,50.169998
343400,BNDX,48.703586,50.290001,50.07,2014-02-20,50.099998,50.290001
134500,BNDX,48.917455,50.41,50.310001,2014-02-19,50.32,50.41
119500,BNDX,48.917455,50.330002,50.23,2014-02-18,50.32,50.240002
92700,BNDX,48.859126,50.27,50.16,2014-02-14,50.259998,50.259998
131400,BNDX,48.917455,50.34,50.16,2014-02-13,50.32,50.27
153700,BNDX,48.781358,50.259998,50.119999,2014-02-12,50.18,50.240002
108100,BNDX,48.859126,50.290001,50.200001,2014-02-11,50.259998,50.200001
127300,BNDX,48.829964,50.330002,50.209999,2014-02-10,50.23,50.330002
128200,BNDX,48.898012,50.34,50.209999,2014-02-07,50.299999,50.259998
99600,BNDX,48.820244,50.299999,50.18,2014-02-06,50.220001,50.299999
67700,BNDX,48.888293,50.34,50.25,2014-02-05,50.290001,50.32
152900,BNDX,48.888293,50.32,50.25,2014-02-04,50.290001,50.32
139900,BNDX,48.936898,50.380001,50.209999,2014-02-03,50.34,50.380001
85600,BNDX,48.869824,50.369999,50.27,2014-01-31,50.330002,50.330002
86100,BNDX,48.801851,50.299999,50.189999,2014-01-30,50.259998,50.27
132000,BNDX,48.763014,50.27,50.150002,2014-01-29,50.220001,50.209999
90000,BNDX,48.714462,50.18,50.060001,2014-01-28,50.169998,50.130001
146400,BNDX,48.675625,50.150002,50.029999,2014-01-27,50.130001,50.150002
194100,BNDX,48.753302,50.25,50.110001,2014-01-24,50.209999,50.110001
112300,BNDX,48.656205,50.119999,50.040001,2014-01-23,50.110001,50.099998
220800,BNDX,48.539688,50.07,49.990002,2014-01-22,49.990002,50.07
112500,BNDX,48.617365,50.099998,50.02,2014-01-21,50.07,50.080002
106500,BNDX,48.607656,50.060001,49.939999,2014-01-17,50.060001,50.049999
108300,BNDX,48.568816,50.049999,49.950001,2014-01-16,50.02,49.98
109200,BNDX,48.442587,49.970001,49.849998,2014-01-15,49.889999,49.93
135400,BNDX,48.462007,49.98,49.900002,2014-01-14,49.91,49.98
103700,BNDX,48.481427,49.98,49.849998,2014-01-13,49.93,49.950001
73100,BNDX,48.442587,49.889999,49.77,2014-01-10,49.889999,49.869999
154600,BNDX,48.316357,49.810001,49.68,2014-01-09,49.759998,49.77
139800,BNDX,48.27752,49.860001,49.68,2014-01-08,49.720001,49.82
148400,BNDX,48.394038,49.84,49.759998,2014-01-07,49.84,49.830002
134300,BNDX,48.27752,49.759998,49.639999,2014-01-06,49.720001,49.689999
82400,BNDX,48.160999,49.709999,49.549999,2014-01-03,49.599998,49.700001
123600,BNDX,48.19984,49.68,49.580002,2014-01-02,49.639999,49.669998
93300,BNDX,48.180419,49.639999,49.529999,2013-12-31,49.619999,49.639999
122600,BNDX,48.160999,49.689999,49.529999,2013-12-30,49.599998,49.689999
111300,BNDX,48.131871,49.650002,49.529999,2013-12-27,49.57,49.630001
103400,BNDX,48.267808,49.709999,49.619999,2013-12-26,49.709999,49.66
55300,BNDX,48.267808,49.720001,49.619999,2013-12-24,49.709999,49.720001
239000,BNDX,48.264896,49.84,49.669998,2013-12-23,49.779999,49.799999
86400,BNDX,48.226116,49.82,49.720001,2013-12-20,49.740002,49.720001
222000,BNDX,48.226116,49.810001,49.720001,2013-12-19,49.740002,49.779999
626400,BNDX,48.323071,49.889999,49.740002,2013-12-18,49.84,49.860001
96900,BNDX,48.323071,49.91,49.810001,2013-12-17,49.84,49.869999
189200,BNDX,48.332765,49.900002,49.830002,2013-12-16,49.849998,49.880001
69300,BNDX,48.342463,49.869999,49.82,2013-12-13,49.860001,49.84
234900,BNDX,48.303679,49.849998,49.75,2013-12-12,49.82,49.830002
99700,BNDX,48.332765,49.889999,49.799999,2013-12-11,49.849998,49.869999
80200,BNDX,48.313377,49.869999,49.779999,2013-12-10,49.830002,49.82
184800,BNDX,48.274593,49.830002,49.77,2013-12-09,49.790001,49.830002
77400,BNDX,48.245504,49.779999,49.700001,2013-12-06,49.759998,49.759998
71000,BNDX,48.197027,49.759998,49.68,2013-12-05,49.709999,49.689999
717900,BNDX,48.274593,49.860001,49.740002,2013-12-04,49.790001,49.849998
105300,BNDX,48.420026,49.959999,49.889999,2013-12-03,49.939999,49.950001
295200,BNDX,48.361854,49.98,49.82,2013-12-02,49.880001,49.98
56900,BNDX,48.449115,50.049999,49.970001,2013-11-29,50.02,50.049999
70700,BNDX,48.420058,50.040001,49.939999,2013-11-27,49.990002,50.040001
78000,BNDX,48.468487,50.049999,49.970001,2013-11-26,50.040001,50.00
102900,BNDX,48.400686,50.009998,49.919998,2013-11-25,49.970001,49.950001
86500,BNDX,48.332884,49.950001,49.849998,2013-11-22,49.900002,49.919998
88800,BNDX,48.323196,49.950001,49.810001,2013-11-21,49.889999,49.84
73200,BNDX,48.342569,50.029999,49.880001,2013-11-20,49.91,49.939999
130800,BNDX,48.381313,50.00,49.900002,2013-11-19,49.950001,50.00
133400,BNDX,48.429742,50.02,49.91,2013-11-18,50.00,50.00
163700,BNDX,48.41037,50.00,49.900002,2013-11-15,49.98,49.990002
72800,BNDX,48.400686,50.00,49.849998,2013-11-14,49.970001,49.98
112700,BNDX,48.400686,49.98,49.880001,2013-11-13,49.970001,49.889999
88500,BNDX,48.361941,49.939999,49.84,2013-11-12,49.93,49.93
79200,BNDX,48.361941,50.009998,49.860001,2013-11-11,49.93,49.860001
79700,BNDX,48.332884,50.029999,49.810001,2013-11-08,49.900002,50.029999
85400,BNDX,48.390998,50.060001,49.900002,2013-11-07,49.959999,49.990002
68100,BNDX,48.332884,49.990002,49.799999,2013-11-06,49.900002,49.919998
120300,BNDX,48.381313,49.98,49.880001,2013-11-05,49.950001,49.93
71100,BNDX,48.478171,50.080002,50.00,2013-11-04,50.049999,50.02
99900,BNDX,48.507232,50.09,50.00,2013-11-01,50.080002,50.080002
454300,BNDX,48.454926,50.169998,49.900002,2013-10-31,50.09,50.169998
69300,BNDX,48.445254,50.169998,49.959999,2013-10-30,50.080002,50.110001
89800,BNDX,48.406559,50.040001,49.91,2013-10-29,50.040001,50.02
49200,BNDX,48.338844,50.040001,49.900002,2013-10-28,49.970001,50.040001
43400,BNDX,48.358192,50.00,49.91,2013-10-25,49.990002,50.00
107600,BNDX,48.338844,50.00,49.849998,2013-10-24,49.970001,49.91
68500,BNDX,48.300149,49.970001,49.759998,2013-10-23,49.93,49.93
54500,BNDX,48.280802,49.93,49.689999,2013-10-22,49.91,49.889999
64200,BNDX,48.106677,49.82,49.599998,2013-10-21,49.73,49.82
93300,BNDX,48.145372,49.779999,49.599998,2013-10-18,49.77,49.779999
53900,BNDX,48.077657,49.849998,49.549999,2013-10-17,49.700001,49.849998
90300,BNDX,48.087329,49.73,49.360001,2013-10-16,49.709999,49.73
64400,BNDX,47.884185,49.720001,49.50,2013-10-15,49.50,49.720001
54200,BNDX,47.961576,49.759998,49.50,2013-10-14,49.580002,49.759998
52600,BNDX,47.855166,49.68,49.43,2013-10-11,49.470001,49.610001
40600,BNDX,48.038962,49.700001,49.549999,2013-10-10,49.66,49.700001
100500,BNDX,48.038962,49.759998,49.349998,2013-10-09,49.66,49.759998
53500,BNDX,48.038962,49.68,49.299999,2013-10-08,49.66,49.310001
82100,BNDX,48.116353,49.84,49.560001,2013-10-07,49.740002,49.830002
228000,BNDX,48.02929,49.720001,49.540001,2013-10-04,49.650002,49.720001
112900,BNDX,48.048634,49.720001,49.580002,2013-10-03,49.669998,49.59
208500,BNDX,48.126025,49.810001,49.610001,2013-10-02,49.75,49.720001
91200,BNDX,48.02929,49.66,49.50,2013-10-01,49.650002,49.630001
86700,BNDX,47.962542,49.669998,49.57,2013-09-30,49.650002,49.669998
66700,BNDX,48.030162,49.759998,49.509998,2013-09-27,49.720001,49.740002
256700,BNDX,47.962542,49.700001,49.57,2013-09-26,49.650002,49.700001
40600,BNDX,48.010842,49.700001,49.57,2013-09-25,49.700001,49.599998
115500,BNDX,47.981859,49.720001,49.50,2013-09-24,49.669998,49.669998
76700,BNDX,47.943221,49.630001,49.459999,2013-09-23,49.630001,49.549999
101100,BNDX,47.750018,49.459999,49.029999,2013-09-20,49.43,49.259998
75500,BNDX,47.865938,49.689999,49.470001,2013-09-19,49.549999,49.689999
116900,BNDX,47.9239,49.689999,48.950001,2013-09-18,49.610001,49.279999
77500,BNDX,47.556814,49.290001,49.139999,2013-09-17,49.23,49.290001
43100,BNDX,47.537494,49.349998,49.060001,2013-09-16,49.209999,49.349998
87300,BNDX,47.479535,49.18,48.880001,2013-09-13,49.150002,48.91
137400,BNDX,47.489194,49.259998,48.93,2013-09-12,49.16,48.93
85000,BNDX,47.421573,49.099998,48.900002,2013-09-11,49.09,49.080002
540400,BNDX,47.286332,49.330002,48.509998,2013-09-10,48.950001,49.330002
51800,BNDX,47.402252,49.18,48.869999,2013-09-09,49.07,49.18
66000,BNDX,47.450552,49.18,48.98,2013-09-06,49.119999,49.00
35500,BNDX,47.189728,49.119999,48.830002,2013-09-05,48.849998,49.119999
84300,BNDX,47.585794,49.34,49.200001,2013-09-04,49.259998,49.34
152700,BNDX,47.353953,49.299999,48.98,2013-09-03,49.02,49.299999
79700,BNDX,47.606085,49.41,49.16,2013-08-30,49.330002,49.389999
75300,BNDX,47.528879,49.400002,49.110001,2013-08-29,49.25,49.110001
52400,BNDX,47.384119,49.34,49.09,2013-08-28,49.099998,49.169998
38400,BNDX,47.413074,49.389999,49.049999,2013-08-27,49.130001,49.049999
58900,BNDX,47.34552,49.150002,48.959999,2013-08-26,49.060001,49.150002
118300,BNDX,47.355169,49.150002,48.919998,2013-08-23,49.07,49.150002
131200,BNDX,47.374471,49.330002,48.919998,2013-08-22,49.09,49.220001
63200,BNDX,47.461326,49.32,49.080002,2013-08-21,49.18,49.310001
71800,BNDX,47.586783,49.400002,49.060001,2013-08-20,49.310001,49.139999
94100,BNDX,47.432375,49.41,49.060001,2013-08-19,49.150002,49.41
57400,BNDX,47.615734,49.389999,49.110001,2013-08-16,49.34,49.310001
54800,BNDX,47.635035,49.380001,49.150002,2013-08-15,49.360001,49.369999
64200,BNDX,47.72189,49.52,49.189999,2013-08-14,49.450001,49.490002
56600,BNDX,47.760493,49.599998,49.360001,2013-08-13,49.490002,49.529999
47500,BNDX,47.905249,49.669998,49.529999,2013-08-12,49.639999,49.669998
43100,BNDX,47.8956,49.639999,49.369999,2013-08-09,49.630001,49.369999
45800,BNDX,47.837696,49.610001,49.50,2013-08-08,49.57,49.610001
65500,BNDX,47.818394,49.639999,49.450001,2013-08-07,49.549999,49.619999
86100,BNDX,47.808745,49.599998,49.470001,2013-08-06,49.540001,49.599998
71400,BNDX,47.828047,49.639999,49.50,2013-08-05,49.560001,49.639999
57100,BNDX,47.905249,49.639999,49.450001,2013-08-02,49.639999,49.59
65600,BNDX,47.72189,49.689999,49.400002,2013-08-01,49.450001,49.689999
76500,BNDX,47.692939,49.650002,49.299999,2013-07-31,49.490002,49.639999
80100,BNDX,47.798942,49.630001,49.450001,2013-07-30,49.599998,49.599998
635200,BNDX,47.818216,49.689999,49.50,2013-07-29,49.619999,49.689999
53000,BNDX,47.895313,49.700001,49.34,2013-07-26,49.700001,49.50
108900,BNDX,47.760397,49.639999,49.299999,2013-07-25,49.560001,49.639999
98000,BNDX,47.818216,49.689999,49.50,2013-07-24,49.619999,49.689999
88100,BNDX,47.933861,49.779999,49.509998,2013-07-23,49.740002,49.759998
54000,BNDX,47.847129,49.740002,49.549999,2013-07-22,49.650002,49.720001
91100,BNDX,47.702574,49.720001,49.470001,2013-07-19,49.50,49.709999
161500,BNDX,47.876039,49.740002,49.50,2013-07-18,49.68,49.720001
230000,BNDX,47.895313,49.720001,49.639999,2013-07-17,49.700001,49.709999
586200,BNDX,47.847129,49.759998,49.529999,2013-07-16,49.650002,49.700001
1037900,BNDX,47.750758,49.790001,49.50,2013-07-15,49.549999,49.68
423300,BNDX,47.770032,49.700001,49.540001,2013-07-12,49.57,49.650002
89000,BNDX,47.818216,49.75,49.52,2013-07-11,49.619999,49.700001
57000,BNDX,47.750758,49.799999,49.48,2013-07-10,49.549999,49.799999
62400,BNDX,47.731484,49.630001,49.450001,2013-07-09,49.529999,49.630001
202800,BNDX,47.692939,49.59,49.450001,2013-07-08,49.490002,49.59
139400,BNDX,47.548384,49.419998,49.07,2013-07-05,49.34,49.419998
37200,BNDX,47.779671,49.630001,49.400002,2013-07-03,49.580002,49.619999
90000,BNDX,47.625478,49.509998,49.310001,2013-07-02,49.419998,49.310001
2231000,BNDX,47.664026,49.529999,49.450001,2013-07-01,49.459999,49.529999
2443200,BNDX,47.563803,49.450001,49.299999,2013-06-28,49.41,49.450001
2004500,BNDX,47.621563,49.630001,49.299999,2013-06-27,49.470001,49.630001
1223000,BNDX,47.506044,49.52,49.34,2013-06-26,49.349998,49.459999
262900,BNDX,47.525297,49.59,49.34,2013-06-25,49.369999,49.59
312900,BNDX,47.679318,49.549999,49.119999,2013-06-24,49.529999,49.490002
217900,BNDX,47.698571,50.00,49.41,2013-06-21,49.549999,50.00
125300,BNDX,47.794837,49.700001,49.450001,2013-06-20,49.650002,49.700001
86100,BNDX,47.948859,50.110001,49.700001,2013-06-19,49.810001,50.110001
138400,BNDX,48.064374,50.049999,49.84,2013-06-18,49.93,50.049999
99400,BNDX,48.141383,50.099998,49.900002,2013-06-17,50.009998,50.099998
99900,BNDX,48.10288,50.130001,49.970001,2013-06-14,49.970001,50.130001
105400,BNDX,47.987361,50.040001,49.849998,2013-06-13,49.849998,50.009998
196200,BNDX,48.151011,50.200001,49.880001,2013-06-12,50.02,50.00
50800,BNDX,47.958483,50.099998,49.799999,2013-06-11,49.82,50.099998
128800,BNDX,47.968112,50.259998,49.799999,2013-06-10,49.830002,50.259998
70800,BNDX,48.314657,50.330002,50.189999,2013-06-07,50.189999,50.330002
106800,BNDX,48.410923,50.349998,50.27,2013-06-06,50.290001,50.34
62500,BNDX,48.478307,50.400002,50.299999,2013-06-05,50.360001,50.400002
44300,BNDX,48.420548,50.599998,50.240002,2013-06-04,50.299999,50.599998
